{"images":[{"height":581,"width":721,"id":1,"file_name":"created_image_2022_06_24 11:33:22.402602.jpg"},{"height":421,"width":487,"id":2,"file_name":"created_image_2022_06_24 11:33:22.529120.jpg"},{"height":538,"width":626,"id":3,"file_name":"created_image_2022_06_24 11:33:22.700571.jpg"},{"height":455,"width":675,"id":4,"file_name":"created_image_2022_06_24 11:33:22.775725.jpg"},{"height":557,"width":758,"id":5,"file_name":"created_image_2022_06_24 11:33:22.856953.jpg"}],"annotations":[{"iscrowd":0,"image_id":1,"bbox":[1168,687,1,1],"segmentation":[],"category_id":19,"id":1,"area":1},{"iscrowd":0,"image_id":1,"bbox":[582,191,43,60],"segmentation":[],"category_id":32,"id":2,"area":2580},{"iscrowd":0,"image_id":1,"bbox":[526,191,43,60],"segmentation":[],"category_id":12,"id":3,"area":2580},{"iscrowd":0,"image_id":1,"bbox":[470,191,43,60],"segmentation":[],"category_id":30,"id":4,"area":2580},{"iscrowd":0,"image_id":1,"bbox":[414,191,43,61],"segmentation":[],"category_id":29,"id":5,"area":2623},{"iscrowd":0,"image_id":1,"bbox":[359,191,42,60],"segmentation":[],"category_id":3,"id":6,"area":2520},{"iscrowd":0,"image_id":1,"bbox":[300,191,43,60],"segmentation":[],"category_id":20,"id":7,"area":2580},{"iscrowd":0,"image_id":1,"bbox":[249,191,43,60],"segmentation":[],"category_id":35,"id":8,"area":2580},{"iscrowd":0,"image_id":1,"bbox":[196,191,42,60],"segmentation":[],"category_id":28,"id":9,"area":2520},{"iscrowd":0,"image_id":1,"bbox":[135,191,45,60],"segmentation":[],"category_id":8,"id":10,"area":2700},{"iscrowd":0,"image_id":1,"bbox":[67,191,57,60],"segmentation":[],"category_id":5,"id":11,"area":3420},{"iscrowd":0,"image_id":2,"bbox":[1567,1332,2,1],"segmentation":[],"category_id":32,"id":12,"area":2},{"iscrowd":0,"image_id":2,"bbox":[1039,1332,1,1],"segmentation":[],"category_id":8,"id":13,"area":1},{"iscrowd":0,"image_id":2,"bbox":[1036,1332,2,1],"segmentation":[],"category_id":17,"id":14,"area":2},{"iscrowd":0,"image_id":2,"bbox":[1029,1332,1,1],"segmentation":[],"category_id":15,"id":15,"area":1},{"iscrowd":0,"image_id":2,"bbox":[872,1332,1,1],"segmentation":[],"category_id":0,"id":16,"area":1},{"iscrowd":0,"image_id":2,"bbox":[863,1332,1,1],"segmentation":[],"category_id":27,"id":17,"area":1},{"iscrowd":0,"image_id":2,"bbox":[831,1332,1,1],"segmentation":[],"category_id":18,"id":18,"area":1},{"iscrowd":0,"image_id":2,"bbox":[819,1332,1,1],"segmentation":[],"category_id":34,"id":19,"area":1},{"iscrowd":0,"image_id":2,"bbox":[779,1332,1,1],"segmentation":[],"category_id":25,"id":20,"area":1},{"iscrowd":0,"image_id":2,"bbox":[728,1332,1,1],"segmentation":[],"category_id":13,"id":21,"area":1},{"iscrowd":0,"image_id":2,"bbox":[726,1332,1,1],"segmentation":[],"category_id":29,"id":22,"area":1},{"iscrowd":0,"image_id":3,"bbox":[1168,687,1,1],"segmentation":[],"category_id":32,"id":23,"area":1},{"iscrowd":0,"image_id":3,"bbox":[225,241,33,46],"segmentation":[],"category_id":25,"id":24,"area":1518},{"iscrowd":0,"image_id":3,"bbox":[485,240,37,47],"segmentation":[],"category_id":6,"id":25,"area":1739},{"iscrowd":0,"image_id":3,"bbox":[450,240,29,47],"segmentation":[],"category_id":1,"id":26,"area":1363},{"iscrowd":0,"image_id":3,"bbox":[403,240,33,47],"segmentation":[],"category_id":33,"id":27,"area":1551},{"iscrowd":0,"image_id":3,"bbox":[358,240,33,47],"segmentation":[],"category_id":13,"id":28,"area":1551},{"iscrowd":0,"image_id":3,"bbox":[315,240,33,47],"segmentation":[],"category_id":11,"id":29,"area":1551},{"iscrowd":0,"image_id":3,"bbox":[270,240,33,47],"segmentation":[],"category_id":2,"id":30,"area":1551},{"iscrowd":0,"image_id":3,"bbox":[188,240,15,47],"segmentation":[],"category_id":30,"id":31,"area":705},{"iscrowd":0,"image_id":3,"bbox":[141,240,31,47],"segmentation":[],"category_id":21,"id":32,"area":1457},{"iscrowd":0,"image_id":3,"bbox":[96,240,33,47],"segmentation":[],"category_id":24,"id":33,"area":1551},{"iscrowd":0,"image_id":4,"bbox":[1168,687,1,1],"segmentation":[],"category_id":14,"id":34,"area":1},{"iscrowd":0,"image_id":4,"bbox":[447,401,33,46],"segmentation":[],"category_id":18,"id":35,"area":1518},{"iscrowd":0,"image_id":4,"bbox":[400,401,33,46],"segmentation":[],"category_id":27,"id":36,"area":1518},{"iscrowd":0,"image_id":4,"bbox":[86,401,5,46],"segmentation":[],"category_id":6,"id":37,"area":230},{"iscrowd":0,"image_id":4,"bbox":[353,400,35,47],"segmentation":[],"category_id":35,"id":38,"area":1645},{"iscrowd":0,"image_id":4,"bbox":[310,400,33,47],"segmentation":[],"category_id":29,"id":39,"area":1551},{"iscrowd":0,"image_id":4,"bbox":[265,400,37,47],"segmentation":[],"category_id":10,"id":40,"area":1739},{"iscrowd":0,"image_id":4,"bbox":[230,400,33,47],"segmentation":[],"category_id":25,"id":41,"area":1551},{"iscrowd":0,"image_id":4,"bbox":[191,400,33,47],"segmentation":[],"category_id":12,"id":42,"area":1551},{"iscrowd":0,"image_id":4,"bbox":[150,400,31,47],"segmentation":[],"category_id":17,"id":43,"area":1457},{"iscrowd":0,"image_id":4,"bbox":[105,400,33,47],"segmentation":[],"category_id":30,"id":44,"area":1551},{"iscrowd":0,"image_id":5,"bbox":[1168,687,1,1],"segmentation":[],"category_id":31,"id":45,"area":1},{"iscrowd":0,"image_id":5,"bbox":[596,223,42,60],"segmentation":[],"category_id":30,"id":46,"area":2520},{"iscrowd":0,"image_id":5,"bbox":[538,223,42,60],"segmentation":[],"category_id":21,"id":47,"area":2520},{"iscrowd":0,"image_id":5,"bbox":[479,223,43,60],"segmentation":[],"category_id":35,"id":48,"area":2580},{"iscrowd":0,"image_id":5,"bbox":[423,223,43,60],"segmentation":[],"category_id":1,"id":49,"area":2580},{"iscrowd":0,"image_id":5,"bbox":[367,223,41,60],"segmentation":[],"category_id":24,"id":50,"area":2460},{"iscrowd":0,"image_id":5,"bbox":[306,223,48,60],"segmentation":[],"category_id":9,"id":51,"area":2880},{"iscrowd":0,"image_id":5,"bbox":[258,223,20,60],"segmentation":[],"category_id":0,"id":52,"area":1200},{"iscrowd":0,"image_id":5,"bbox":[194,223,43,60],"segmentation":[],"category_id":3,"id":53,"area":2580},{"iscrowd":0,"image_id":5,"bbox":[149,223,37,60],"segmentation":[],"category_id":11,"id":54,"area":2220},{"iscrowd":0,"image_id":5,"bbox":[88,223,42,60],"segmentation":[],"category_id":20,"id":55,"area":2520}],"categories":[{"id":0,"name":"0","supercategory":"0"},{"id":1,"name":"1","supercategory":"1"},{"id":2,"name":"2","supercategory":"2"},{"id":3,"name":"3","supercategory":"3"},{"id":4,"name":"4","supercategory":"4"},{"id":5,"name":"5","supercategory":"5"},{"id":6,"name":"6","supercategory":"6"},{"id":7,"name":"7","supercategory":"7"},{"id":8,"name":"8","supercategory":"8"},{"id":9,"name":"9","supercategory":"9"},{"id":10,"name":"A","supercategory":"A"},{"id":11,"name":"B","supercategory":"B"},{"id":12,"name":"C","supercategory":"C"},{"id":13,"name":"D","supercategory":"D"},{"id":14,"name":"E","supercategory":"E"},{"id":15,"name":"F","supercategory":"F"},{"id":16,"name":"G","supercategory":"G"},{"id":17,"name":"H","supercategory":"H"},{"id":18,"name":"I","supercategory":"I"},{"id":19,"name":"J","supercategory":"J"},{"id":20,"name":"K","supercategory":"K"},{"id":21,"name":"L","supercategory":"L"},{"id":22,"name":"M","supercategory":"M"},{"id":23,"name":"N","supercategory":"N"},{"id":24,"name":"O","supercategory":"O"},{"id":25,"name":"P","supercategory":"P"},{"id":26,"name":"Q","supercategory":"Q"},{"id":27,"name":"R","supercategory":"R"},{"id":28,"name":"S","supercategory":"S"},{"id":29,"name":"T","supercategory":"T"},{"id":30,"name":"U","supercategory":"U"},{"id":31,"name":"V","supercategory":"V"},{"id":32,"name":"W","supercategory":"W"},{"id":33,"name":"X","supercategory":"X"},{"id":34,"name":"Y","supercategory":"Y"},{"id":35,"name":"Z","supercategory":"Z"}]}